{[{"Age": 45, "Coordinates": [43.713045,-79.411790], "Year": 2006, "Month": 4}
{"Age": 15, "Coordinates": [43.763445,-79.490990], "Year": 2006, "Month": 4}
{"Age": 45, "Coordniates": [43.715945,-79.353490], "Year": 2006, "Month": 9}
{"Age": 45, "Coordniates": [43.760445,-79.386590], "Year": 2007, "Month": 6}
{"Age:": 5, "Coordinates": [ 43.782145,-79.303490], "Year": 2007, "Month": 8}

]}